menu_id,channel,brand,name,category,price_krw,serving_g,kcal,protein_g,carb_g,sugar_g,fat_g,sat_fat_g,sodium_mg,protein_source,cooking,marketing_claim,claim_text,barcode,launch_date,source_type,source_url,verified_at,rule_version,fiber_g
cvs-cu-smoked-chicken-100,cvs,CU,득템 훈제 닭가슴살 100g,닭가슴살/육가공,1900,100,115,24.0,1.0,0.5,1.5,0.5,390,Q1,grilled,1,고단백 24g,8801043011111,2026-08-20,T4,https://cu.bgfretail.com,2026-09-12,v1.0,
cvs-cu-grain-salad-215,cvs,CU,닭가슴살 & 곡물 샐러드 215g,샐러드,4900,215,315,31.0,32.0,6.0,7.0,1.5,760,Q1,raw,1,고단백 31g,8801043011128,2026-09-10,T4,https://cu.bgfretail.com,2026-09-12,v1.0,6.0
cvs-cu-protein-shake-choco-350,cvs,CU,더단백 드링크 초코 250mL,유제품/음료,2900,250,105,20.0,5.0,0.8,0.8,0.3,140,Q1,raw,1,프로틴 20g 당류 ZERO,8801043011135,2026-07-15,T2,https://cu.bgfretail.com,2026-09-10,v1.0,
cvs-cu-protein-choco-sugar-350,cvs,CU,프로틴 초코 라떼 350mL,유제품/음료,2800,350,210,20.0,26.0,22.0,3.0,1.5,180,Q1,raw,1,프로틴 20g,8801043011142,2026-08-10,T4,https://cu.bgfretail.com,2026-09-12,v1.0,
cvs-cu-diet-chicken-lunchbox-380,cvs,CU,든든한 한끼 그릴닭가슴살 도시락,도시락,5300,380,490,36.0,65.0,4.0,9.0,2.0,890,Q1,grilled,1,단백질 36g,8801043011159,2026-09-01,T4,https://cu.bgfretail.com,2026-09-14,v1.0,
cvs-cu-tuna-mayo-tri-110,cvs,CU,참치마요 삼각김밥 110g,삼각김밥/주먹밥,1400,110,230,5.0,35.0,1.5,7.0,1.2,380,Q1,mixed,0,,8801043011166,2026-01-01,T4,https://cu.bgfretail.com,2026-09-10,v1.0,
cvs-cu-beef-bibim-tri-115,cvs,CU,전주비빔 삼각김밥 115g,삼각김밥/주먹밥,1300,115,210,5.5,38.0,2.0,4.5,0.8,490,Q1,mixed,0,,8801043011173,2026-01-01,T4,https://cu.bgfretail.com,2026-09-10,v1.0,
cvs-cu-soy-milk-plain-190,cvs,CU,연세 무가당 고단백 두유 190mL,유제품/음료,1400,190,95,12.0,3.0,0.5,3.5,0.6,130,Q2,raw,1,고단백 12g,8801043011180,2026-06-01,T4,https://cu.bgfretail.com,2026-09-10,v1.0,
cvs-cu-boiled-eggs-2p,cvs,CU,촉촉한 감동란 (2입),닭가슴살/육가공,2400,100,130,12.5,1.0,0.2,8.5,2.5,460,Q1,boiled,0,,8801043011197,2026-01-01,T4,https://cu.bgfretail.com,2026-09-10,v1.0,
cvs-cu-protein-bar-crispy-50,cvs,CU,닥터유 단백질바 크런치 50g,과자/바,1800,50,245,12.0,21.0,10.0,12.5,4.5,160,Q2,baked,1,단백질 12g,8801043011203,2026-04-10,T2,https://cu.bgfretail.com,2026-09-08,v1.0,
cvs-cu-washing-sausage-hotbar-80,cvs,CU,파워 프로틴 프랑크 소시지 80g,닭가슴살/육가공,2800,80,220,10.0,4.0,2.0,17.5,6.0,780,Q4,boiled,1,파워 프로틴 10g,8801043011210,2026-08-01,T4,https://cu.bgfretail.com,2026-09-12,v1.0,
cvs-cu-chicken-breast-blackpepper-100,cvs,CU,하림 닭가슴살 블랙페퍼 100g,닭가슴살/육가공,3200,100,120,25.0,1.5,0.5,1.5,0.5,480,Q1,grilled,1,단백질 25g,8801043011227,2026-05-15,T2,https://cu.bgfretail.com,2026-09-10,v1.0,
cvs-cu-soft-tofu-salad-200,cvs,CU,연두부 오리엔탈 샐러드 200g,샐러드,4200,200,160,11.0,12.0,4.0,7.0,1.0,520,Q1,raw,0,,8801043011234,2026-07-20,T4,https://cu.bgfretail.com,2026-09-10,v1.0,4.0
cvs-cu-beef-sandwich-190,cvs,CU,비프 & 치즈 클럽 샌드위치 190g,샌드위치/버거,3800,190,360,18.0,38.0,5.0,14.5,4.5,820,Q1,mixed,0,,8801043011241,2026-08-25,T4,https://cu.bgfretail.com,2026-09-12,v1.0,
cvs-cu-spicy-pork-cupbap-300,cvs,CU,제육불고기 컵밥 300g,즉석밥/죽,4500,300,480,20.0,72.0,8.0,12.0,3.5,1120,Q1,mixed,0,,8801043011258,2026-06-10,T4,https://cu.bgfretail.com,2026-09-08,v1.0,
cvs-cu-protein-yogurt-drink-250,cvs,CU,프로틴 요거트 베리 250mL,유제품/음료,2500,250,150,18.0,14.0,9.0,1.8,1.0,110,Q1,raw,1,프로틴 18g 요거트,8801043011265,2026-09-05,T4,https://cu.bgfretail.com,2026-09-14,v1.0,
cvs-cu-chicken-mayo-onigiri-130,cvs,CU,통닭가슴살 주먹밥 130g,삼각김밥/주먹밥,1800,130,240,12.0,36.0,1.5,5.0,1.0,520,Q1,mixed,0,,8801043011272,2026-08-15,T4,https://cu.bgfretail.com,2026-09-10,v1.0,
cvs-cu-beef-jerky-40,cvs,CU,순쇠고기 육포 40g,닭가슴살/육가공,4500,40,135,20.0,6.0,5.0,2.5,1.0,680,Q1,raw,1,소고기 고단백,8801043011289,2026-05-20,T4,https://cu.bgfretail.com,2026-09-10,v1.0,
cvs-gs25-high-protein-kimbap-240,cvs,GS25,고단백 닭가슴살 소시지 김밥 240g,도시락,3600,240,410,25.0,52.0,3.0,10.0,2.2,860,Q1,mixed,1,고단백 25g 편스장,8801062022211,2026-09-02,T4,https://gsretail.com,2026-09-14,v1.0,
cvs-gs25-greek-yogurt-plain-100,cvs,GS25,그릭데이 그릭요거트 플레인 100g,유제품/음료,3800,100,150,10.5,4.0,1.8,9.5,5.8,45,Q1,raw,1,꾸덕한 고단백,8801062022228,2026-09-09,T4,https://gsretail.com,2026-09-12,v1.0,
cvs-gs25-smoked-chicken-100,cvs,GS25,유어스 훈제 닭가슴살 100g,닭가슴살/육가공,2500,100,110,23.0,1.0,0.5,1.2,0.4,420,Q1,grilled,1,단백질 23g,8801062022235,2026-08-01,T4,https://gsretail.com,2026-09-12,v1.0,
cvs-gs25-selex-core-protein-250,cvs,GS25,셀렉스 코어프로틴 음료 250mL,유제품/음료,3000,250,120,20.0,7.0,1.5,1.3,0.5,170,Q1,raw,1,단백질 20g 류신 3000mg,8801062022242,2026-06-15,T2,https://gsretail.com,2026-09-10,v1.0,
cvs-gs25-hyeja-beef-lunchbox-420,cvs,GS25,혜자로운 불고기 도시락 420g,도시락,5200,420,650,28.0,85.0,7.0,20.0,5.5,980,Q1,mixed,0,,8801062022259,2026-08-10,T4,https://gsretail.com,2026-09-12,v1.0,
cvs-gs25-chicken-breast-salad-190,cvs,GS25,로스트 치킨 보울 샐러드 190g,샐러드,4800,190,210,22.0,15.0,4.0,6.5,1.2,580,Q1,grilled,1,고단백 치킨샐러드,8801062022266,2026-09-08,T4,https://gsretail.com,2026-09-14,v1.0,5.5
cvs-gs25-labnosh-protein-cookie-40,cvs,GS25,랩노쉬 단백쿠키 더블초코 40g,과자/바,2000,40,165,9.0,18.0,6.0,5.5,2.5,120,Q2,baked,1,단백질 9g 쿠키,8801062022273,2026-05-10,T4,https://gsretail.com,2026-09-10,v1.0,4.0
cvs-gs25-washing-protein-snack-60,cvs,GS25,'고단백' 크런치 소이칩 60g,과자/바,2200,60,310,6.0,38.0,7.0,14.5,4.0,520,Q2,fried,1,고단백 스낵,8801062022280,2026-08-20,T4,https://gsretail.com,2026-09-12,v1.0,
cvs-gs25-beef-rice-triangle-115,cvs,GS25,소고기고추장 삼각김밥 115g,삼각김밥/주먹밥,1400,115,215,6.0,39.0,2.5,3.8,0.8,510,Q1,mixed,0,,8801062022297,2026-01-01,T4,https://gsretail.com,2026-09-10,v1.0,
cvs-gs25-boiled-eggs-roasted-2p,cvs,GS25,신선맥반석 계란 (2입),닭가슴살/육가공,2200,90,120,12.0,0.8,0.1,7.5,2.2,240,Q1,baked,0,,8801062022303,2026-01-01,T4,https://gsretail.com,2026-09-10,v1.0,
cvs-gs25-soy-protein-shake-250,cvs,GS25,하이뮨 프로틴 밸런스 액티브 250mL,유제품/음료,3200,250,130,20.0,7.0,1.0,1.8,0.6,160,Q1,raw,1,단백질 20g 산양유,8801062022310,2026-07-01,T2,https://gsretail.com,2026-09-10,v1.0,
cvs-gs25-chicken-tender-wrap-170,cvs,GS25,크리스피 치킨텐더 스낵랩 170g,샌드위치/버거,3400,170,340,14.0,36.0,4.0,15.0,3.8,740,Q3,fried,0,,8801062022327,2026-08-15,T4,https://gsretail.com,2026-09-10,v1.0,
cvs-gs25-cheese-chicken-breast-bar-90,cvs,GS25,치즈 콕콕 닭가슴살 프랑크 90g,닭가슴살/육가공,2600,90,145,16.0,2.5,1.0,7.5,2.8,460,Q1,boiled,1,단백질 16g,8801062022334,2026-07-20,T4,https://gsretail.com,2026-09-10,v1.0,
cvs-gs25-tofu-kimchi-cup-250,cvs,GS25,고소한 손두부 & 볶음김치 250g,한식/분식,3900,250,210,15.0,12.0,3.5,10.5,1.8,710,Q1,boiled,0,,8801062022341,2026-06-25,T4,https://gsretail.com,2026-09-10,v1.0,
cvs-gs25-diet-soba-noodles-280,cvs,GS25,닭가슴살 메밀소바 280g,면,4600,280,320,19.0,52.0,6.0,3.5,0.6,920,Q1,boiled,0,,8801062022358,2026-07-10,T4,https://gsretail.com,2026-09-10,v1.0,
cvs-gs25-almond-milk-unsweet-190,cvs,GS25,아몬드브리즈 프로틴 190mL,유제품/음료,1500,190,65,4.5,5.0,1.0,3.0,0.4,150,Q2,raw,1,프로틴 4.5g,8801062022365,2026-03-01,T2,https://gsretail.com,2026-09-10,v1.0,
cvs-gs25-crab-stick-salad-160,cvs,GS25,크래미 단호박 샐러드 160g,샐러드,3500,160,220,8.0,24.0,8.0,10.5,2.0,540,Q3,mixed,0,,8801062022372,2026-05-15,T4,https://gsretail.com,2026-09-10,v1.0,
cvs-gs25-protein-latte-coffee-250,cvs,GS25,더단백 커피 250mL,유제품/음료,2900,250,110,20.0,5.5,0.9,0.9,0.4,135,Q1,raw,1,단백질 20g 당 ZERO,8801062022389,2026-08-10,T2,https://gsretail.com,2026-09-10,v1.0,
cvs-seven-washing-sausage-kimbap-260,cvs,7-ELEVEN,'고단백' 소시지 김밥 260g,도시락,3300,260,520,17.0,62.0,5.0,22.0,7.0,1180,Q4,mixed,1,고단백 17g,8801111033311,2026-08-28,T4,https://7-eleven.co.kr,2026-09-12,v1.0,
cvs-seven-chicken-breast-herb-100,cvs,7-ELEVEN,세븐셀렉트 허브 닭가슴살 100g,닭가슴살/육가공,2500,100,115,23.5,1.2,0.4,1.4,0.4,410,Q1,grilled,1,단백질 23.5g,8801111033328,2026-08-15,T4,https://7-eleven.co.kr,2026-09-10,v1.0,
cvs-seven-protein-drink-banana-250,cvs,7-ELEVEN,하이뮨 프로틴 밸런스 바나나 250mL,유제품/음료,3200,250,135,20.0,8.0,2.0,1.8,0.6,160,Q1,raw,1,단백질 20g,8801111033335,2026-07-20,T2,https://7-eleven.co.kr,2026-09-10,v1.0,
cvs-seven-spicy-chicken-lunchbox-390,cvs,7-ELEVEN,매콤 닭갈비 도시락 390g,도시락,4900,390,550,26.0,75.0,6.0,14.0,3.8,990,Q1,grilled,0,,8801111033342,2026-08-01,T4,https://7-eleven.co.kr,2026-09-10,v1.0,
cvs-seven-tuna-salad-sandwich-180,cvs,7-ELEVEN,단백한 참치 듬뿍 샌드위치 180g,샌드위치/버거,3200,180,340,16.0,35.0,3.5,14.5,3.0,680,Q1,mixed,0,,8801111033359,2026-07-15,T4,https://7-eleven.co.kr,2026-09-10,v1.0,
cvs-seven-smoked-quail-eggs-100,cvs,7-ELEVEN,촉촉한 메추리알 훈제 100g,닭가슴살/육가공,2900,100,155,13.0,1.5,0.5,10.5,3.2,480,Q1,boiled,0,,8801111033366,2026-06-01,T4,https://7-eleven.co.kr,2026-09-10,v1.0,
cvs-seven-ricotta-salad-185,cvs,7-ELEVEN,리코타치즈 닭가슴살 샐러드 185g,샐러드,4700,185,240,19.0,18.0,5.0,9.5,3.8,520,Q1,raw,0,,8801111033373,2026-09-01,T4,https://7-eleven.co.kr,2026-09-12,v1.0,5.0
cvs-seven-hotbar-cheese-80,cvs,7-ELEVEN,더블치즈 닭가슴살 핫바 80g,닭가슴살/육가공,2300,80,130,14.0,3.0,1.0,6.5,2.5,440,Q1,boiled,1,단백질 14g,8801111033380,2026-08-10,T4,https://7-eleven.co.kr,2026-09-10,v1.0,
cvs-seven-spam-mayo-tri-115,cvs,7-ELEVEN,스팸마요 삼각김밥 115g,삼각김밥/주먹밥,1400,115,240,5.5,34.0,1.8,9.0,3.0,560,Q4,mixed,0,,8801111033397,2026-01-01,T4,https://7-eleven.co.kr,2026-09-10,v1.0,
cvs-seven-protein-granola-bar-45,cvs,7-ELEVEN,마켓오네이처 오!그래놀라 단백질바 45g,과자/바,1700,45,205,10.5,22.0,9.0,8.0,3.0,140,Q2,baked,1,단백질 10.5g,8801111033403,2026-04-20,T2,https://7-eleven.co.kr,2026-09-10,v1.0,
cvs-seven-egg-whites-pack-100,cvs,7-ELEVEN,촉촉 흰자만 쏙 난백팩 100g,닭가슴살/육가공,2200,100,55,11.5,0.5,0.1,0.2,0.0,180,Q1,boiled,1,100% 난백 고단백,8801111033410,2026-08-05,T4,https://7-eleven.co.kr,2026-09-10,v1.0,
cvs-seven-sweet-potato-chicken-210,cvs,7-ELEVEN,꿀고구마 & 수비드 닭가슴살 210g,도시락,4500,210,280,24.0,38.0,8.0,2.5,0.5,380,Q1,boiled,1,단백질 24g 클린 식단,8801111033427,2026-09-06,T4,https://7-eleven.co.kr,2026-09-14,v1.0,5.0
cvs-emart24-chicken-breast-steak-110,cvs,EMART24,아임닭 닭가슴살 스테이크 갈릭 110g,닭가슴살/육가공,2800,110,140,22.0,4.0,1.0,3.5,0.8,460,Q1,grilled,1,단백질 22g,8801234044411,2026-07-15,T4,https://emart24.co.kr,2026-09-10,v1.0,
cvs-emart24-roast-chicken-salad-200,cvs,EMART24,로스트 닭가슴살 에그 샐러드 200g,샐러드,4900,200,260,25.0,16.0,4.0,9.5,2.2,640,Q1,grilled,1,단백질 25g 샐러드,8801234044428,2026-09-04,T4,https://emart24.co.kr,2026-09-14,v1.0,5.2
cvs-emart24-protein-drink-coffee-250,cvs,EMART24,셀렉스 프로틴 아메리카노 250mL,유제품/음료,2800,250,90,18.0,3.0,0.2,0.5,0.1,120,Q1,raw,1,단백질 18g 프로틴커피,8801234044435,2026-08-01,T2,https://emart24.co.kr,2026-09-10,v1.0,
cvs-emart24-bulgogi-lunchbox-380,cvs,EMART24,직화 소불고기 영양 도시락 380g,도시락,5500,380,530,27.0,72.0,7.0,14.0,4.2,940,Q1,grilled,0,,8801234044442,2026-08-10,T4,https://emart24.co.kr,2026-09-10,v1.0,
cvs-emart24-spicy-pork-tri-110,cvs,EMART24,매콤제육 삼각김밥 110g,삼각김밥/주먹밥,1300,110,210,6.0,37.0,2.0,4.0,1.0,460,Q1,mixed,0,,8801234044459,2026-01-01,T4,https://emart24.co.kr,2026-09-10,v1.0,
cvs-emart24-washing-protein-bar-40,cvs,EMART24,에너지 프로틴 초코바 40g,과자/바,1600,40,210,5.0,24.0,14.0,10.5,5.0,180,Q5,baked,1,에너지 프로틴바,8801234044466,2026-08-20,T4,https://emart24.co.kr,2026-09-12,v1.0,
cvs-emart24-chicken-breast-frank-70,cvs,EMART24,아임닭 프랑크 오리지널 70g,닭가슴살/육가공,2200,70,105,14.5,1.5,0.5,4.5,1.2,380,Q1,boiled,1,닭가슴살 14.5g,8801234044473,2026-07-10,T4,https://emart24.co.kr,2026-09-10,v1.0,
cvs-emart24-high-protein-milk-200,cvs,EMART24,매일 소화가 잘되는 우유 고단백 200mL,유제품/음료,1600,200,125,11.0,9.0,9.0,4.5,3.0,130,Q1,raw,1,고단백 락토프리,8801234044480,2026-05-01,T2,https://emart24.co.kr,2026-09-10,v1.0,
cvs-emart24-egg-salad-sandwich-175,cvs,EMART24,에그 듬뿍 모닝 샌드위치 175g,샌드위치/버거,3000,175,330,13.0,32.0,4.0,16.0,4.5,620,Q1,mixed,0,,8801234044497,2026-06-15,T4,https://emart24.co.kr,2026-09-10,v1.0,
cvs-emart24-spicy-chicken-cup-200,cvs,EMART24,직화 불닭 닭가슴살 200g,닭가슴살/육가공,4200,200,220,34.0,8.0,4.0,4.5,1.0,920,Q1,grilled,1,단백질 34g,8801234044503,2026-08-25,T4,https://emart24.co.kr,2026-09-12,v1.0,
cvs-emart24-smoked-duck-slice-150,cvs,EMART24,훈제오리 슬라이스 150g,닭가슴살/육가공,4800,150,340,25.0,2.0,1.0,26.0,7.5,780,Q1,grilled,0,,8801234044510,2026-07-20,T4,https://emart24.co.kr,2026-09-10,v1.0,
cvs-emart24-plain-tofu-bar-80,cvs,EMART24,풀무원 고단백 결두부바 플레인 80g,닭가슴살/육가공,2500,80,125,11.0,3.0,1.0,7.5,1.2,280,Q1,baked,1,식물성 고단백 11g,8801234044527,2026-09-08,T4,https://emart24.co.kr,2026-09-14,v1.0,
fr-subway-roast-chicken-15cm,fr,SUBWAY,"로스트 치킨 (15cm, 위트빵)",샌드위치/버거,7300,247,300,29.0,40.0,6.0,4.0,1.1,590,Q1,grilled,1,고단백 치킨,,2026-01-01,T2,https://www.subway.co.kr/nutrition,2026-09-10,v1.0,5.0
fr-subway-rotisserie-chicken-15cm,fr,SUBWAY,"로티세리 바비큐 치킨 (15cm, 위트빵)",샌드위치/버거,7300,247,327,29.0,40.0,6.5,6.5,2.0,620,Q1,grilled,1,단백질 29g,,2026-01-01,T2,https://www.subway.co.kr/nutrition,2026-09-10,v1.0,5.0
fr-subway-roast-beef-15cm,fr,SUBWAY,"로스트 비프 (15cm, 위트빵)",샌드위치/버거,7600,235,290,26.0,40.0,6.0,3.5,1.2,610,Q1,baked,0,,,2026-01-01,T2,https://www.subway.co.kr/nutrition,2026-09-10,v1.0,
fr-subway-steak-cheese-15cm,fr,SUBWAY,"스테이크 & 치즈 (15cm, 위트빵)",샌드위치/버거,7900,245,355,28.0,41.0,6.5,9.5,3.8,780,Q1,grilled,0,,,2026-01-01,T2,https://www.subway.co.kr/nutrition,2026-09-10,v1.0,
fr-subway-roast-chicken-salad,fr,SUBWAY,로스트 치킨 샐러드 보울,샐러드,9100,340,160,26.0,12.0,6.0,2.5,0.5,450,Q1,grilled,1,고단백 클린 샐러드,,2026-01-01,T2,https://www.subway.co.kr/nutrition,2026-09-10,v1.0,6.0
fr-subway-egg-mayo-15cm,fr,SUBWAY,"에그마요 (15cm, 화이트빵)",샌드위치/버거,5500,238,415,14.0,41.0,5.0,22.0,4.5,580,Q1,mixed,0,,,2026-01-01,T2,https://www.subway.co.kr/nutrition,2026-09-10,v1.0,
fr-mcd-double-beef-burger,fr,MCDONALDS,더블 쿼터파운더 치즈 버거 단품,샌드위치/버거,7700,275,770,50.0,42.0,10.0,45.0,20.0,1320,Q1,grilled,0,,,2026-01-01,T2,https://www.mcdonalds.co.kr,2026-09-10,v1.0,
fr-mcd-mcspicy-shanghai,fr,MCDONALDS,맥스파이시 상하이 버거 단품,샌드위치/버거,5500,234,490,21.0,58.0,8.0,19.0,3.5,990,Q1,fried,0,,,2026-01-01,T2,https://www.mcdonalds.co.kr,2026-09-10,v1.0,
fr-mcd-chicken-tender-4p,fr,MCDONALDS,맥너겟 (10조각),닭가슴살/육가공,4800,160,420,24.0,26.0,0.5,24.0,4.5,860,Q3,fried,0,,,2026-01-01,T2,https://www.mcdonalds.co.kr,2026-09-10,v1.0,
fr-mcd-cheeseburger,fr,MCDONALDS,치즈버거 단품,샌드위치/버거,3000,114,310,16.0,32.0,6.0,13.0,6.0,630,Q1,grilled,0,,,2026-01-01,T2,https://www.mcdonalds.co.kr,2026-09-10,v1.0,
fr-mcd-egg-mcmuffin,fr,MCDONALDS,에그 맥머핀,샌드위치/버거,3500,139,300,17.0,29.0,3.0,13.0,5.0,690,Q1,grilled,0,,,2026-01-01,T2,https://www.mcdonalds.co.kr,2026-09-10,v1.0,
fr-bk-double-whopper,fr,BURGERKING,더블 와퍼 단품,샌드위치/버거,9800,379,930,54.0,50.0,11.0,58.0,24.0,1280,Q1,grilled,0,,,2026-01-01,T2,https://www.burgerking.co.kr,2026-09-10,v1.0,
fr-bk-whopper-junior,fr,BURGERKING,와퍼 주니어 단품,샌드위치/버거,4800,158,400,17.0,37.0,7.0,21.0,7.0,640,Q1,grilled,0,,,2026-01-01,T2,https://www.burgerking.co.kr,2026-09-10,v1.0,
fr-bk-long-chicken-burger,fr,BURGERKING,롱치킨버거 단품,샌드위치/버거,5600,210,570,23.0,56.0,6.0,28.0,6.5,1050,Q3,fried,0,,,2026-01-01,T2,https://www.burgerking.co.kr,2026-09-10,v1.0,
fr-bk-nugget-king-8p,fr,BURGERKING,너겟킹 (8조각),닭가슴살/육가공,3500,136,340,19.0,22.0,0.5,20.0,4.0,710,Q3,fried,0,,,2026-01-01,T2,https://www.burgerking.co.kr,2026-09-10,v1.0,
fr-moms-thigh-burger,fr,MOMSTOUCH,싸이버거 단품,샌드위치/버거,4900,230,590,28.0,57.0,8.0,28.0,6.5,1010,Q1,fried,0,,,2026-01-01,T2,https://www.momstouch.co.kr,2026-09-10,v1.0,
fr-moms-fillet-burger,fr,MOMSTOUCH,휠렛버거 단품,샌드위치/버거,5100,225,530,39.0,55.0,8.0,17.0,3.8,890,Q1,fried,1,통가슴살 패티,,2026-01-01,T2,https://www.momstouch.co.kr,2026-09-10,v1.0,
fr-moms-chicken-tender-4p,fr,MOMSTOUCH,후라이드 텐더 (4조각),닭가슴살/육가공,4000,140,310,28.0,15.0,0.5,15.0,3.0,680,Q1,fried,0,,,2026-01-01,T2,https://www.momstouch.co.kr,2026-09-10,v1.0,
fr-moms-washing-chicken-burger-set,fr,MOMSTOUCH,더블 프로틴 치킨버거 세트,샌드위치/버거,8900,450,980,38.0,105.0,14.0,45.0,13.0,1840,Q3,fried,1,더블 프로틴,,2026-09-08,T2,https://www.momstouch.co.kr,2026-09-10,v1.0,
fr-lot-trex-burger,fr,LOTTERIA,T-REX 버거 단품,샌드위치/버거,4800,215,475,26.0,54.0,7.0,17.0,4.5,890,Q1,fried,0,,,2026-01-01,T2,https://www.lotteeats.com,2026-09-10,v1.0,
fr-lot-hot-crispy,fr,LOTTERIA,핫크리스피 버거 단품,샌드위치/버거,5900,200,500,22.0,58.0,8.0,20.0,5.0,920,Q1,fried,0,,,2026-01-01,T2,https://www.lotteeats.com,2026-09-10,v1.0,
fr-lot-shrimp-burger,fr,LOTTERIA,리아 새우 버거 단품,샌드위치/버거,4700,180,490,15.0,55.0,7.0,23.0,4.5,710,Q3,fried,0,,,2026-01-01,T2,https://www.lotteeats.com,2026-09-10,v1.0,
fr-lot-chicken-fillet-3p,fr,LOTTERIA,치킨 휠레 (3조각),닭가슴살/육가공,3900,105,215,21.0,12.0,0.5,9.0,2.0,520,Q1,fried,0,,,2026-01-01,T2,https://www.lotteeats.com,2026-09-10,v1.0,
fr-salady-roast-chicken-bowl,fr,SALADY,로스트닭다리살 샐러디,샐러드,9900,280,340,32.0,22.0,6.0,13.5,3.0,580,Q1,grilled,1,고단백 32g 샐러디,,2026-05-01,T2,https://salady.com,2026-09-10,v1.0,6.0
fr-salady-tandanji-salad,fr,SALADY,탄단지 샐러디,샐러드,8900,270,370,20.0,38.0,7.0,16.0,3.5,560,Q1,mixed,1,탄단지 밸런스,,2026-01-01,T2,https://salady.com,2026-09-10,v1.0,5.5
fr-salady-chili-bacon-warmbowl,fr,SALADY,칠리베이컨 웜볼,샐러드,8900,310,480,21.0,58.0,5.0,18.0,4.5,790,Q4,mixed,0,,,2026-01-01,T2,https://salady.com,2026-09-10,v1.0,5.0
fr-salady-beef-warmbowl,fr,SALADY,우삼겹 메밀면 샐러디,샐러드,9300,300,380,18.0,42.0,6.0,16.0,5.0,680,Q1,boiled,0,,,2026-04-15,T2,https://salady.com,2026-09-10,v1.0,4.5
fr-salady-caesar-chicken-wrap,fr,SALADY,시저치킨 웜랩,샌드위치/버거,7400,220,495,21.0,56.0,4.0,21.0,6.0,740,Q1,grilled,0,,,2026-01-01,T2,https://salady.com,2026-09-10,v1.0,
fr-hansot-charcoal-pork-rice,fr,HANSOT,숯불직화구이 덮밥,도시락,6500,380,590,30.0,85.0,6.0,14.0,4.5,880,Q1,grilled,0,,,2026-01-01,T4,https://www.hsd.co.kr,2026-09-10,v1.0,
fr-hansot-chicken-mayo,fr,HANSOT,오리지널 치킨마요,도시락,3800,300,490,16.0,68.0,4.0,16.5,3.8,740,Q1,fried,0,,,2026-01-01,T4,https://www.hsd.co.kr,2026-09-10,v1.0,
fr-hansot-mega-chicken-pork-lunchbox,fr,HANSOT,메가 치킨제육 도시락,도시락,7900,520,820,44.0,105.0,9.0,26.0,6.5,1280,Q1,mixed,0,,,2026-06-01,T4,https://www.hsd.co.kr,2026-09-10,v1.0,
fr-hansot-pork-cutlet-doryeonnim,fr,HANSOT,돈까스도련님 도시락,도시락,4800,380,680,24.0,88.0,7.0,26.0,6.0,950,Q4,fried,0,,,2026-01-01,T4,https://www.hsd.co.kr,2026-09-10,v1.0,
fr-bonjuk-samgye-juk,fr,BONJUK,삼계죽 (1그릇),즉석밥/죽,12000,650,580,38.0,86.0,2.0,9.5,2.2,960,Q1,boiled,1,닭가슴살 듬뿍 보양,,2026-01-01,T2,https://www.bonif.co.kr,2026-09-10,v1.0,
fr-bonjuk-beef-vege-juk,fr,BONJUK,쇠고기야채죽 (1그릇),즉석밥/죽,11500,650,520,24.0,90.0,3.0,7.0,2.0,980,Q1,boiled,0,,,2026-01-01,T2,https://www.bonif.co.kr,2026-09-10,v1.0,
fr-bonjuk-bulnak-juk,fr,BONJUK,불낙죽 (불고기&낙지),즉석밥/죽,13000,650,550,28.0,88.0,4.0,8.5,2.2,1050,Q1,boiled,0,,,2026-01-01,T2,https://www.bonif.co.kr,2026-09-10,v1.0,
fr-dominos-grilled-chicken-slice-2p,fr,DOMINOS,그릴드 치킨 피자 (오리지널 2조각),샌드위치/버거,7500,220,490,28.0,58.0,6.0,16.5,6.5,890,Q1,baked,0,,,2026-01-01,T2,https://web.dominos.co.kr,2026-09-10,v1.0,
fr-dominos-super-supreme-2p,fr,DOMINOS,슈퍼슈프림 피자 (오리지널 2조각),샌드위치/버거,7000,210,470,20.0,54.0,6.0,18.0,7.0,860,Q4,baked,0,,,2026-01-01,T2,https://web.dominos.co.kr,2026-09-10,v1.0,
fr-dominos-chicken-wings-8p,fr,DOMINOS,하프앤하프 치킨윙 (8조각),닭가슴살/육가공,9800,240,440,36.0,6.0,2.0,30.0,8.0,1080,Q1,baked,0,,,2026-01-01,T2,https://web.dominos.co.kr,2026-09-10,v1.0,
fr-paris-protein-grain-bread-100,fr,PARIS,고단백 곡물 토스트 식빵 100g,디저트,3200,100,265,13.0,44.0,4.0,3.5,1.0,460,Q2,baked,1,고단백 곡물식빵,,2026-07-01,T2,https://www.paris.co.kr,2026-09-10,v1.0,5.0
fr-paris-chicken-caesar-salad-210,fr,PARIS,로스트치킨 시저 샐러드 210g,샐러드,6900,210,230,24.0,14.0,3.0,8.5,2.2,520,Q1,grilled,1,단백질 24g,,2026-08-10,T4,https://www.paris.co.kr,2026-09-10,v1.0,4.5
fr-paris-egg-bacon-sandwich-190,fr,PARIS,에그 앤 베이컨 호밀 샌드위치 190g,샌드위치/버거,6200,190,360,17.0,36.0,4.0,16.0,4.2,710,Q1,mixed,0,,,2026-06-15,T4,https://www.paris.co.kr,2026-09-10,v1.0,
cvs-d1020960600000001-100,cvs,공공검증,샌드위치_닭가슴살,샌드위치/버거,4500,100,240.0,12.2,21.0,3.1,11.9,3.3,438.0,Q1,mixed,0,,,,T1,https://data.go.kr/data/15127578/openapi.do,2026-09-15,v1.0,
cvs-d1104621552000001-100,cvs,공공검증,닭볶음(닭갈비)_닭가슴살_피망,닭가슴살/육가공,2900,100,122.0,16.4,1.4,0.3,5.7,2.8,490.0,Q1,mixed,0,,,,T1,https://data.go.kr/data/15127578/openapi.do,2026-09-15,v1.0,
cvs-d2020960600000001-100,cvs,할리스,샌드위치_닭가슴살 프레시 샌드위치,샌드위치/버거,4500,100,50.6,8.9,3.8,3.8,0.0,0.0,375.0,Q1,mixed,0,,,,T1,https://data.go.kr/data/15127578/openapi.do,2026-09-15,v1.0,
cvs-d3125490700000001-100,cvs,공공검증,닭튀김_닭가슴살,닭가슴살/육가공,2900,100,252.0,21.0,20.2,0.0,9.7,0.0,60.0,Q1,fried,0,,,,T1,https://data.go.kr/data/15127578/openapi.do,2026-09-15,v1.0,
cvs-p1011040001000042-109,cvs,(주)프로엠,닭가슴살스낵매운치즈맛,닭가슴살/육가공,2900,109,388.0,26.4,64.0,8.0,3.6,1.1,560.0,Q1,mixed,0,,,,T1,https://data.go.kr/data/15127578/openapi.do,2026-09-15,v1.0,
cvs-p1011060001002148-105,cvs,(주)삼아인터내셔날,닭가슴살단백질바석류,닭가슴살/육가공,2900,105,522.0,19.0,40.4,19.1,31.6,1.1,175.0,Q1,baked,1,고단백,,,T1,https://data.go.kr/data/15127578/openapi.do,2026-09-15,v1.0,
cvs-p1014050004000626-100,cvs,㈜ 유로베이크,맛있닭닭가슴살한끼소세지빵,닭가슴살/육가공,2900,100,242.0,10.8,30.8,6.7,8.3,2.8,475.0,Q1,baked,0,,,,T1,https://data.go.kr/data/15127578/openapi.do,2026-09-15,v1.0,
cvs-p1014150004000062-100,cvs,(주)지지푸드,닭가슴살피자세판,닭가슴살/육가공,2900,100,168.0,13.5,18.0,1.0,4.5,1.6,440.0,Q1,mixed,0,,,,T1,https://data.go.kr/data/15127578/openapi.do,2026-09-15,v1.0,
cvs-p1014150004000121-100,cvs,(주)청아식품,맛있닭닭가슴살한끼피자,닭가슴살/육가공,2900,100,191.0,25.0,16.0,0.0,3.0,2.3,299.0,Q1,mixed,0,,,,T1,https://data.go.kr/data/15127578/openapi.do,2026-09-15,v1.0,
cvs-p1014150004000122-100,cvs,(주)청아식품,맛있닭닭가슴살한끼피자야채플러스,닭가슴살/육가공,2900,100,160.0,14.0,16.0,2.0,4.2,0.9,230.0,Q1,mixed,0,,,,T1,https://data.go.kr/data/15127578/openapi.do,2026-09-15,v1.0,
cvs-d2021200000004408-100,cvs,도미노피자,피자_슈퍼디럭스나폴리하이프로틴도우(M),기타,3500,100,64.0,14.0,2.0,2.0,0.0,0.0,373.0,Q5,mixed,1,고단백,,,T1,https://data.go.kr/data/15127578/openapi.do,2026-09-15,v1.0,
cvs-d2021200000004429-100,cvs,도미노피자,피자_슈퍼슈프림하이프로틴도우(M),기타,3500,100,63.9,12.7,3.3,3.3,0.0,0.0,307.0,Q5,mixed,1,고단백,,,T1,https://data.go.kr/data/15127578/openapi.do,2026-09-15,v1.0,
cvs-d2021203400000117-100,cvs,도미노피자,피자_치즈하이프로틴도우(L),기타,3500,100,71.9,14.7,3.3,3.3,0.0,0.0,313.0,Q2,mixed,1,고단백,,,T1,https://data.go.kr/data/15127578/openapi.do,2026-09-15,v1.0,
cvs-d2197130000000003-100,cvs,스타벅스,요구르트(호상)_오가닉 프로틴 그릭 요거트 & 그래놀라,유제품/음료,2800,100,96.5,10.8,13.3,13.3,0.0,0.0,70.0,Q5,raw,1,고단백,,,T1,https://data.go.kr/data/15127578/openapi.do,2026-09-15,v1.0,
cvs-p1011030001000063-100,cvs,뉴트리디언,단백질 말차 쿠우키(KUKY),기타,3500,100,408.0,20.0,40.0,27.5,20.0,5.0,370.0,Q5,mixed,1,고단백,,,T1,https://data.go.kr/data/15127578/openapi.do,2026-09-15,v1.0,
cvs-p1011030001000064-100,cvs,뉴트리디언,단백질 얼그레이 쿠우키(KUKY),기타,3500,100,438.0,22.5,37.5,27.5,22.5,22.5,353.0,Q5,mixed,1,고단백,,,T1,https://data.go.kr/data/15127578/openapi.do,2026-09-15,v1.0,
cvs-p1011030001000065-118,cvs,뉴트리디언,단백질 초코 쿠우키(KUKY),기타,3500,118,510.0,35.0,47.5,37.5,20.0,20.0,18.0,Q5,mixed,1,고단백,,,T1,https://data.go.kr/data/15127578/openapi.do,2026-09-15,v1.0,
cvs-p1011030001000066-106,cvs,(주)티엔푸드,단백질쿠키아몬드앤초코청크,과자/바,2000,106,475.0,17.5,52.5,37.5,22.0,7.1,425.0,Q5,baked,1,고단백,,,T1,https://data.go.kr/data/15127578/openapi.do,2026-09-15,v1.0,
cvs-p1011030001000299-107,cvs,(주)대산후드,여에스더 단백질 쿠키 다크초코맛,과자/바,2000,107,483.0,22.6,47.6,25.8,22.4,8.2,514.0,Q5,baked,1,고단백,,,T1,https://data.go.kr/data/15127578/openapi.do,2026-09-15,v1.0,
cvs-p1011030001000300-109,cvs,(주)대산후드,여에스더 단백질 쿠키 땅콩버터맛,과자/바,2000,109,492.0,25.7,46.3,20.7,22.7,6.2,446.0,Q2,baked,1,고단백,,,T1,https://data.go.kr/data/15127578/openapi.do,2026-09-15,v1.0,
cvs-p1011030001000352-111,cvs,유일푸드,짐타운단백질쿠키 오리지널,과자/바,2000,111,526.0,27.9,34.7,21.9,33.5,17.2,190.0,Q5,baked,1,고단백,,,T1,https://data.go.kr/data/15127578/openapi.do,2026-09-15,v1.0,
cvs-p1011030001000353-110,cvs,유일푸드,짐타운단백질쿠키초코,과자/바,2000,110,525.0,27.5,34.5,21.8,33.2,16.6,190.0,Q5,baked,1,고단백,,,T1,https://data.go.kr/data/15127578/openapi.do,2026-09-15,v1.0,
cvs-p1011030001000561-103,cvs,(주)티엔푸드 3공장,단백질쿠키 화이트 더티초코 크랜베리,과자/바,2000,103,450.0,17.5,52.5,10.0,19.5,6.2,425.0,Q5,baked,1,고단백,,,T1,https://data.go.kr/data/15127578/openapi.do,2026-09-15,v1.0,
cvs-p1011030001000855-106,cvs,농업회사법인 누리㈜,프로뮨 단백질쌀쿠키,과자/바,2000,106,482.0,23.0,46.0,18.0,23.0,23.0,442.0,Q5,baked,1,고단백,,,T1,https://data.go.kr/data/15127578/openapi.do,2026-09-15,v1.0,
cvs-p1011030001001982-111,cvs,(주)더플랜잇,딜라이틴 단백질 미니 쿠키(초코칩),과자/바,2000,111,435.0,29.8,46.8,12.2,19.3,0.0,679.0,Q5,baked,1,고단백,,,T1,https://data.go.kr/data/15127578/openapi.do,2026-09-15,v1.0,
cvs-p1011030001005660-104,cvs,(주)티엔푸드 3공장,단백질쿠키 더블황치즈,과자/바,2000,104,493.0,19.6,43.5,21.3,26.7,11.7,693.0,Q2,baked,1,고단백,,,T1,https://data.go.kr/data/15127578/openapi.do,2026-09-15,v1.0,
cvs-p1011030004000237-101,cvs,㈜ 씨알푸드,닥터리브단백질쿠키다크초코,과자/바,2000,101,500.0,10.0,50.0,20.0,27.0,14.0,450.0,Q5,baked,1,고단백,,,T1,https://data.go.kr/data/15127578/openapi.do,2026-09-15,v1.0,
cvs-p1011030004000238-111,cvs,㈜ 씨알푸드,닥터리브단백질쿠키오리지널,과자/바,2000,111,500.0,20.0,50.0,20.0,26.0,15.0,400.0,Q5,baked,1,고단백,,,T1,https://data.go.kr/data/15127578/openapi.do,2026-09-15,v1.0,
cvs-d2021100000000544-100,cvs,파리바게뜨,케이크_플레인 저당 그릭요거트 미니케이크,유제품/음료,1800,100,55.5,10.8,3.1,3.1,0.0,0.0,108.0,Q1,raw,0,,,,T1,https://data.go.kr/data/15127578/openapi.do,2026-09-15,v1.0,
cvs-d2197110000000238-100,cvs,마이요거트립,아이스크림_소소한행복 그릭요거트,유제품/음료,1800,100,105.2,15.1,11.2,11.2,0.0,0.0,8.0,Q1,raw,0,,,,T1,https://data.go.kr/data/15127578/openapi.do,2026-09-15,v1.0,
cvs-d2197110000000244-100,cvs,마이요거트립,아이스크림_싱가포르의아침 그릭요거트,유제품/음료,1800,100,111.3,11.9,15.9,15.9,0.0,0.0,26.0,Q1,raw,0,,,,T1,https://data.go.kr/data/15127578/openapi.do,2026-09-15,v1.0,
cvs-d2197110000000290-100,cvs,마이요거트립,아이스크림_하루한번하늘 그릭요거트,유제품/음료,1800,100,183.0,20.4,25.4,25.4,0.0,0.0,16.0,Q1,raw,0,,,,T1,https://data.go.kr/data/15127578/openapi.do,2026-09-15,v1.0,
cvs-d1104820000000001-100,cvs,공공검증,소시지볶음,닭가슴살/육가공,2900,100,280.0,11.9,14.4,5.8,19.4,5.5,887.0,Q4,mixed,0,,,,T1,https://data.go.kr/data/15127578/openapi.do,2026-09-15,v1.0,
cvs-d2020830000000006-100,cvs,커피에반하다,또띠아_미트살사소시지 브리또,닭가슴살/육가공,2900,100,72.3,16.4,1.7,1.7,0.0,0.0,576.0,Q4,mixed,0,,,,T1,https://data.go.kr/data/15127578/openapi.do,2026-09-15,v1.0,
cvs-d2020870000000044-124,cvs,크로플덕오리아가씨,머핀_휘낭시에 소시지,닭가슴살/육가공,2900,124,667.0,11.6,55.8,37.2,39.5,39.5,1067.0,Q4,mixed,0,,,,T1,https://data.go.kr/data/15127578/openapi.do,2026-09-15,v1.0,
cvs-d2020950000000079-100,cvs,던킨도너츠,베이글_소시지 인 치즈 베이글,닭가슴살/육가공,2900,100,59.4,13.0,1.9,1.9,0.0,0.0,815.0,Q2,baked,0,,,,T1,https://data.go.kr/data/15127578/openapi.do,2026-09-15,v1.0,
cvs-d2020950000000094-100,cvs,파리바게뜨,베이글_쫀득쫀득소시지 베이글,닭가슴살/육가공,2900,100,284.0,12.6,20.7,2.7,16.2,5.1,613.0,Q4,baked,0,,,,T1,https://data.go.kr/data/15127578/openapi.do,2026-09-15,v1.0,
cvs-d2020960000000070-100,cvs,투썸플레이스,샌드위치_칠리소시지바게트 샌드위치,샌드위치/버거,4500,100,53.7,10.9,2.5,2.5,0.0,0.0,462.0,Q4,baked,0,,,,T1,https://data.go.kr/data/15127578/openapi.do,2026-09-15,v1.0,
cvs-d2020980000000002-100,cvs,파리바게뜨,소세지빵_돌돌말린모짜렐라치즈소시지,닭가슴살/육가공,2900,100,60.8,12.8,2.4,2.4,0.0,0.0,728.0,Q2,baked,0,,,,T1,https://data.go.kr/data/15127578/openapi.do,2026-09-15,v1.0,
cvs-d2020980000000003-100,cvs,파리바게뜨,소세지빵_든든한통소시지빵,닭가슴살/육가공,2900,100,56.5,8.8,5.3,5.3,0.0,0.0,541.0,Q4,baked,0,,,,T1,https://data.go.kr/data/15127578/openapi.do,2026-09-15,v1.0,
cvs-d2020980000000004-100,cvs,따삐오,소세지빵_롱소시지 빼로야,닭가슴살/육가공,2900,100,74.0,14.8,3.7,3.7,0.0,0.0,787.0,Q4,baked,0,,,,T1,https://data.go.kr/data/15127578/openapi.do,2026-09-15,v1.0,
cvs-d2020980000000007-100,cvs,따삐오,소세지빵_소시지빵(낙엽빵),닭가슴살/육가공,2900,100,68.0,11.7,5.3,5.3,0.0,0.0,581.0,Q4,baked,0,,,,T1,https://data.go.kr/data/15127578/openapi.do,2026-09-15,v1.0,
cvs-d2020980000000008-100,cvs,파리바게뜨,소세지빵_소시지소프트프랑스,닭가슴살/육가공,2900,100,315.0,9.9,25.3,6.2,19.1,5.9,593.0,Q4,baked,0,,,,T1,https://data.go.kr/data/15127578/openapi.do,2026-09-15,v1.0,
cvs-p1011040001000360-100,cvs,농업회사법인(주)호수,리얼육포깡 스낵,닭가슴살/육가공,2900,100,455.0,21.1,43.4,3.6,20.6,6.2,946.0,Q5,mixed,0,,,,T1,https://data.go.kr/data/15127578/openapi.do,2026-09-15,v1.0,
cvs-p1120100014000003-100,cvs,다인푸드,육포고추장,닭가슴살/육가공,2900,100,150.0,20.0,8.0,4.0,4.0,0.0,4.0,Q5,mixed,0,,,,T1,https://data.go.kr/data/15127578/openapi.do,2026-09-15,v1.0,
cvs-p1167030703000001-100,cvs,㈜바이오믹스테크,고기대신 비건육포 오리지널,닭가슴살/육가공,2900,100,325.0,35.0,35.0,15.0,6.0,0.0,1258.0,Q5,mixed,0,,,,T1,https://data.go.kr/data/15127578/openapi.do,2026-09-15,v1.0,
cvs-p1167030703000002-100,cvs,㈜바이오믹스테크,고기대신 비건육포 핫스파이시,닭가슴살/육가공,2900,100,325.0,36.2,35.0,15.0,4.8,0.0,1235.0,Q5,mixed,0,,,,T1,https://data.go.kr/data/15127578/openapi.do,2026-09-15,v1.0,
cvs-p1167030703000048-100,cvs,주식회사 육미건조,언리미트 식물성 단백질 육포 갈비맛,닭가슴살/육가공,2900,100,325.0,32.5,40.0,22.5,3.8,0.0,1800.0,Q5,mixed,1,고단백,,,T1,https://data.go.kr/data/15127578/openapi.do,2026-09-15,v1.0,
cvs-p1167030703000049-100,cvs,주식회사 육미건조,언리미트 식물성 단백질 육포 멕시칸핫,닭가슴살/육가공,2900,100,325.0,30.0,45.0,25.0,4.0,0.0,2175.0,Q5,mixed,1,고단백,,,T1,https://data.go.kr/data/15127578/openapi.do,2026-09-15,v1.0,
cvs-p1167030703000050-100,cvs,주식회사 육미건조,언리미트 식물성 단백질 육포 양꼬치맛,닭가슴살/육가공,2900,100,350.0,30.0,45.0,25.0,5.0,0.0,1863.0,Q5,mixed,1,고단백,,,T1,https://data.go.kr/data/15127578/openapi.do,2026-09-15,v1.0,
cvs-p1167030703000051-100,cvs,주식회사 육미건조,언리미트 식물성 단백질 육포 홍삼맛,닭가슴살/육가공,2900,100,318.0,27.5,40.0,22.5,4.2,0.0,1173.0,Q5,mixed,1,고단백,,,T1,https://data.go.kr/data/15127578/openapi.do,2026-09-15,v1.0,
cvs-p1167030703000052-100,cvs,주식회사 육미건조,언리미트 식물성 단백질 육포치즈맛,닭가슴살/육가공,2900,100,325.0,30.0,40.0,22.5,4.8,0.0,1775.0,Q2,mixed,1,고단백,,,T1,https://data.go.kr/data/15127578/openapi.do,2026-09-15,v1.0,
cvs-p1167030703000134-100,cvs,주식회사 지구인컴퍼니 제천공장,언리미트 식물성 육포(후추) 5kg,닭가슴살/육가공,2900,100,324.0,30.3,42.8,23.5,4.6,0.0,1640.0,Q5,mixed,0,,,,T1,https://data.go.kr/data/15127578/openapi.do,2026-09-15,v1.0,
cvs-p1167030703000206-100,cvs,주식회사 에이라이프,비그레인 식물성 육포 갈비맛,닭가슴살/육가공,2900,100,296.0,35.0,30.0,14.0,4.0,0.0,1377.0,Q5,mixed,0,,,,T1,https://data.go.kr/data/15127578/openapi.do,2026-09-15,v1.0,
cvs-p1167030703000207-100,cvs,주식회사 에이라이프,비그레인 식물성 육포 데리야끼맛,닭가슴살/육가공,2900,100,322.0,37.0,26.0,7.0,9.0,0.0,1132.0,Q5,mixed,0,,,,T1,https://data.go.kr/data/15127578/openapi.do,2026-09-15,v1.0,
cvs-p1167030703000208-100,cvs,주식회사 에이라이프,비그레인 식물성 육포 매운맛,닭가슴살/육가공,2900,100,313.0,38.0,31.0,11.0,5.0,0.0,1070.0,Q5,mixed,0,,,,T1,https://data.go.kr/data/15127578/openapi.do,2026-09-15,v1.0,
cvs-p1181000107000034-100,cvs,농업회사법인 녹색계란 주식회사,녹색계란 훈제란,닭가슴살/육가공,2900,100,140.0,14.3,2.9,0.0,7.7,7.7,169.0,Q1,grilled,0,,,,T1,https://data.go.kr/data/15127578/openapi.do,2026-09-15,v1.0,
cvs-p1181000107000105-100,cvs,농업회사법인 세양㈜,정직한훈제란,닭가슴살/육가공,2900,100,155.0,16.0,3.0,0.0,9.0,9.0,200.0,Q5,grilled,0,,,,T1,https://data.go.kr/data/15127578/openapi.do,2026-09-15,v1.0,
cvs-p1181000107000149-100,cvs,농업회사법인 세양㈜,백색반숙란 갈색훈제란,닭가슴살/육가공,2900,100,128.0,13.0,3.1,0.1,7.1,7.1,238.0,Q5,grilled,0,,,,T1,https://data.go.kr/data/15127578/openapi.do,2026-09-15,v1.0,
cvs-p1182000107000065-100,cvs,농업회사법인(주) 미래팜스,참숯훈제란,닭가슴살/육가공,2900,100,153.0,16.0,5.6,0.0,7.4,7.4,174.0,Q5,grilled,0,,,,T1,https://data.go.kr/data/15127578/openapi.do,2026-09-15,v1.0,
cvs-p1011060001000038-104,cvs,(주)엄마사랑,LOTTE초단백질바,과자/바,2000,104,500.0,22.5,40.0,22.5,27.5,0.0,300.0,Q5,baked,1,고단백,,,T1,https://data.go.kr/data/15127578/openapi.do,2026-09-15,v1.0,
cvs-p1011060001000386-108,cvs,㈜오리온,단백질바,과자/바,2000,108,506.0,25.0,43.0,20.0,26.0,5.0,210.0,Q5,baked,1,고단백,,,T1,https://data.go.kr/data/15127578/openapi.do,2026-09-15,v1.0,
cvs-p1011060001001706-101,cvs,롯데웰푸드㈜,이지프로틴 에너지단백질바,과자/바,2000,101,474.0,22.9,38.4,11.6,26.4,0.8,260.0,Q5,baked,1,고단백,,,T1,https://data.go.kr/data/15127578/openapi.do,2026-09-15,v1.0,
cvs-p1011060001002454-100,cvs,(주)엄마사랑,이지프로틴 고단백질바,과자/바,2000,100,325.0,33.3,36.7,7.8,8.3,4.2,317.0,Q5,baked,1,고단백,,,T1,https://data.go.kr/data/15127578/openapi.do,2026-09-15,v1.0,
cvs-p1011060001002860-100,cvs,롯데웰푸드㈜,이지프로틴 식물성단백질바,과자/바,2000,100,367.0,22.2,50.0,13.0,11.1,0.0,204.0,Q5,baked,1,고단백,,,T1,https://data.go.kr/data/15127578/openapi.do,2026-09-15,v1.0,
cvs-p1011060001002861-100,cvs,롯데웰푸드㈜,이지프로틴 식물성단백질바 미니,과자/바,2000,100,364.0,21.8,50.9,12.7,11.8,0.0,227.0,Q5,baked,1,고단백,,,T1,https://data.go.kr/data/15127578/openapi.do,2026-09-15,v1.0,
cvs-p1011060001002907-104,cvs,㈜ 씨알푸드,크런치 단백질바,과자/바,2000,104,444.0,36.0,38.0,17.0,16.0,0.0,468.0,Q5,baked,1,고단백,,,T1,https://data.go.kr/data/15127578/openapi.do,2026-09-15,v1.0,
cvs-p1011060001003147-110,cvs,㈜ 씨알푸드,식물성 단백질바,과자/바,2000,110,570.0,23.3,34.9,20.9,37.2,0.0,135.0,Q5,baked,1,고단백,,,T1,https://data.go.kr/data/15127578/openapi.do,2026-09-15,v1.0,
cvs-p1011060001003388-100,cvs,(주)삼아인터내셔날,40칼로리 미니 단백질바,과자/바,2000,100,364.0,21.8,50.9,12.7,11.8,0.0,227.0,Q5,baked,1,고단백,,,T1,https://data.go.kr/data/15127578/openapi.do,2026-09-15,v1.0,
cvs-p1011060001003389-100,cvs,(주)삼아인터내셔날,99칼로리 단백질바,과자/바,2000,100,367.0,22.2,50.0,13.0,11.1,0.0,204.0,Q5,baked,1,고단백,,,T1,https://data.go.kr/data/15127578/openapi.do,2026-09-15,v1.0,
cvs-p1011060001003446-101,cvs,(주)오리온 제3익산공장,닥터유 프로 단백질바 3-넛츠 크런치,과자/바,2000,101,477.0,35.7,25.7,11.4,25.7,15.7,243.0,Q5,baked,1,고단백,,,T1,https://data.go.kr/data/15127578/openapi.do,2026-09-15,v1.0,
cvs-p1011060001003669-102,cvs,(주)삼아인터내셔날,이지프로틴 고단백질바 크리스피,과자/바,2000,102,423.2,40.2,33.7,10.4,14.2,1.3,495.0,Q5,fried,1,고단백,,,T1,https://data.go.kr/data/15127578/openapi.do,2026-09-15,v1.0,
cvs-p1011060001006156-104,cvs,(주)오리온 제3익산공장,닥터유프로 단백질바 클래식초코,과자/바,2000,104,446.0,34.3,38.6,12.9,17.1,0.0,300.0,Q5,baked,1,고단백,,,T1,https://data.go.kr/data/15127578/openapi.do,2026-09-15,v1.0,
cvs-p1011060001006172-101,cvs,(주)엄마사랑,매나테크 요거너츠 단백질바,과자/바,2000,101,463.0,25.0,35.0,12.5,27.5,0.0,250.0,Q5,baked,1,고단백,,,T1,https://data.go.kr/data/15127578/openapi.do,2026-09-15,v1.0,
cvs-d2021200000001362-100,cvs,킹스타피자,피자_치킨텐더 피자 (L),기타,3500,100,66.6,12.8,3.9,3.9,0.0,0.0,418.0,Q5,fried,0,,,,T1,https://data.go.kr/data/15127578/openapi.do,2026-09-15,v1.0,
cvs-d2021200000001363-100,cvs,킹스타피자,피자_치킨텐더 피자 (M),기타,3500,100,68.3,13.1,4.0,4.0,0.0,0.0,409.0,Q5,fried,0,,,,T1,https://data.go.kr/data/15127578/openapi.do,2026-09-15,v1.0,
cvs-d2125490000000166-100,cvs,피자스쿨,닭튀김_치킨텐더,기타,3500,100,79.2,18.6,1.2,1.2,0.0,0.0,666.0,Q5,fried,0,,,,T1,https://data.go.kr/data/15127578/openapi.do,2026-09-15,v1.0,
cvs-d2125490000000167-100,cvs,지정환피자,닭튀김_치킨텐더 (4조각),기타,3500,100,81.2,19.8,0.5,0.5,0.0,0.0,618.0,Q5,fried,0,,,,T1,https://data.go.kr/data/15127578/openapi.do,2026-09-15,v1.0,
cvs-d2125490000000168-100,cvs,피자알볼로,닭튀김_치킨텐더 (6조각),기타,3500,100,77.1,18.8,0.5,0.5,0.0,0.0,620.0,Q5,fried,0,,,,T1,https://data.go.kr/data/15127578/openapi.do,2026-09-15,v1.0,
cvs-d2146400000000042-100,cvs,피자알볼로,샐러드_치킨텐더루꼴라샐러드,샐러드,4900,100,44.4,8.1,3.0,3.0,0.0,0.0,320.0,Q5,fried,0,,,,T1,https://data.go.kr/data/15127578/openapi.do,2026-09-15,v1.0,
cvs-p117100050200f065001-100,cvs,공공검증,치킨텐더,기타,3500,100,200.0,15.0,12.0,0.0,10.0,0.1,580.0,Q5,fried,0,,,,T1,https://data.go.kr/data/15127578/openapi.do,2026-09-15,v1.0,
cvs-p1175010501000379-100,cvs,(주)체리푸드,쉐프앤클릭 통살치킨텐더,기타,3500,100,205.0,18.0,13.0,1.0,9.0,4.3,391.0,Q5,fried,0,,,,T1,https://data.go.kr/data/15127578/openapi.do,2026-09-15,v1.0,
cvs-p1175010501000948-100,cvs,타이슨푸드코리아 유한회사,올바르고 반듯한 슈퍼크런치 치킨텐더,과자/바,2000,100,190.0,14.0,9.0,1.0,11.0,6.1,540.0,Q5,fried,0,,,,T1,https://data.go.kr/data/15127578/openapi.do,2026-09-15,v1.0,
cvs-p1175010501001149-100,cvs,(주)한강식품,국내산 생치킨텐더까스,기타,3500,100,138.0,15.6,15.6,5.8,1.4,0.4,158.0,Q5,fried,0,,,,T1,https://data.go.kr/data/15127578/openapi.do,2026-09-15,v1.0,
cvs-p1175010501001631-100,cvs,㈜사조오양 금산공장,크런치치킨텐더,기타,3500,100,172.0,18.5,10.0,1.0,6.4,3.6,372.0,Q5,fried,0,,,,T1,https://data.go.kr/data/15127578/openapi.do,2026-09-15,v1.0,
cvs-p1175010501003278-100,cvs,주식회사 상도푸드 농업회사법인,콘 크러스트 치킨텐더,기타,3500,100,236.0,13.0,22.0,5.0,11.0,4.7,367.0,Q5,fried,0,,,,T1,https://data.go.kr/data/15127578/openapi.do,2026-09-15,v1.0,
cvs-p1175010501003556-100,cvs,㈜하림,바삭한 국내산 안심 치킨텐더,닭가슴살/육가공,2900,100,227.0,16.0,16.0,0.0,11.0,3.8,300.0,Q1,fried,0,,,,T1,https://data.go.kr/data/15127578/openapi.do,2026-09-15,v1.0,
